first_name,second_name,phone_number
Иван,Иванов,89121092399
Александр,Алексеев,89779886655
Алексей,Позов,89991112233
Ярик,Савченко,89995555656
Глеб,Авдеенков,89776541212
Саша,Абрамов,89089089088
Влад,Угленков,89652223344
Андрей,Орлов,89825566464
Ольга,Брина,89645562323
