first_name,second_name,phone_number
Иван,Иванов,89121092399
Александр,Алексеев,89779886655
Алексей,Позов,89991112233
Ярик,Савченко,89995555656
Глеб,Авдеенков,89776541212
Саша,Абрамов,89089089088
Ольга,Брина,89645562323
Иван,Иванов,89121092399
Александр,Алексеев,89779886655
Иван,Иванов,89121092399
Александр,Алексеев,89779886655
Иван,Иванов,89121092399
Влад,Угленков,89652223344
Александр,Алексеев,89779886655
Ольга,Брина,89645562323
